layer_name,path,variable_type,temporal_resolution,type,start_year,end_year,leap_year,start_month,end_month,perc,spatial_resolution,extent,note,src
bsf_glad.landsat.ard2.seasconv.longterm_{perc}_30m_s_20000101_20221231_eu_epsg.3035_v20231218,{base_path}/ai4sh-landmasked/bsf/bsf_glad.landsat.ard2.seasconv.longterm_{perc}_30m_s_20000101_20221231_eu_epsg.3035_v20231218.tif, ,longterm_or_static,common,,,,,,"p25,p50,p75",30m,eu,,
bsf_glad.landsat.ard2.seasconv.yearly.m.theilslopes_m_30m_s_20000101_20221231_eu_epsg.3035_v20231218,{base_path}/ai4sh-landmasked/longterm_slopes/bsf_glad.landsat.ard2.seasconv.yearly.m.theilslopes_m_30m_s_20000101_20221231_eu_epsg.3035_v20231218.tif, ,longterm_or_static,common,,,,,,,30m,eu,,
fapar_glad.landsat.ard2.seasconv.longterm_{perc}_30m_s_20000101_20221231_eu_epsg.3035_v20231218,{base_path}/ai4sh-landmasked/fapar/fapar_glad.landsat.ard2.seasconv.longterm_{perc}_30m_s_20000101_20221231_eu_epsg.3035_v20231218.tif, ,longterm_or_static,common,,,,,,"p25,p50,p75",30m,eu,,
ndti.min.slopes_glad.landsat.ard2.seasconv.yearly.min.theilslopes_m_30m_s_20000101_20221231_eu_epsg.3035_v20231218,{base_path}/ai4sh-landmasked/longterm_slopes/ndti.min.slopes_glad.landsat.ard2.seasconv.yearly.min.theilslopes_m_30m_s_20000101_20221231_eu_epsg.3035_v20231218.tif, ,longterm_or_static,common,,,,,,,30m,eu,,
ndvi_glad.landsat.ard2.seasconv.longterm_{perc}_30m_s_20000101_20221231_eu_epsg.3035_v20231127,{base_path}/ai4sh-landmasked/ndvi/ndvi_glad.landsat.ard2.seasconv.longterm_{perc}_30m_s_20000101_20221231_eu_epsg.3035_v20231127.tif, ,longterm_or_static,common,,,,,,"p25,p50,p75",30m,eu,,
ndvi_glad.landsat.ard2.seasconv.yearly.m.theilslopes_m_30m_s_20000101_20221231_eu_epsg.3035_v20231218,{base_path}/ai4sh-landmasked/longterm_slopes/ndvi_glad.landsat.ard2.seasconv.yearly.m.theilslopes_m_30m_s_20000101_20221231_eu_epsg.3035_v20231218.tif, ,longterm_or_static,common,,,,,,,30m,eu,,
ndwi.gao_glad.landsat.ard2.seasconv.longterm_{perc}_30m_s_20000101_20221231_eu_epsg.3035_v20231218,{base_path}/ai4sh-landmasked/ndwi.gao/ndwi.gao_glad.landsat.ard2.seasconv.longterm_{perc}_30m_s_20000101_20221231_eu_epsg.3035_v20231218.tif, ,longterm_or_static,common,,,,,,"p25,p50,p75",30m,eu,,
ndwi_glad.landsat.ard2.seasconv.yearly.m.theilslopes_m_30m_s_20000101_20221231_eu_epsg.3035_v20231218,{base_path}/ai4sh-landmasked/longterm_slopes/ndwi_glad.landsat.ard2.seasconv.yearly.m.theilslopes_m_30m_s_20000101_20221231_eu_epsg.3035_v20231218.tif, ,longterm_or_static,common,,,,,,,30m,eu,,
backscatter.vh_s1gbm_m_30m_s_20160101_20171231_eu_epsg.3035.v20240613,{base_path}/ai4sh-landmasked/sar/backscatter.vh_s1gbm_m_30m_s_20160101_20171231_eu_epsg.3035.v20240613.tif,sar backscatter,longterm_or_static,common,,,,,,,30m,eu,,
backscatter.vv_s1gbm_m_30m_s_20160101_20171231_eu_epsg.3035.v20240613,{base_path}/ai4sh-landmasked/sar/backscatter.vv_s1gbm_m_30m_s_20160101_20171231_eu_epsg.3035.v20240613.tif,sar backscatter,longterm_or_static,common,,,,,,,30m,eu,,
dtm.bareearth_ensemble_p10_120m_s_20000101_20221231_eu_epsg.3035_v20240424,{base_path}/ai4sh/dtm/dtm.bareearth_ensemble_p10_120m_s_20000101_20221231_eu_epsg.3035_v20240424.tif, ,longterm_or_static,common,,,,,,,p10,eu,,
dtm.bareearth_ensemble_p10_240m_s_20000101_20221231_eu_epsg.3035_v20240424,{base_path}/ai4sh/dtm/dtm.bareearth_ensemble_p10_240m_s_20000101_20221231_eu_epsg.3035_v20240424.tif, ,longterm_or_static,common,,,,,,,p10,eu,,
dtm.bareearth_ensemble_p10_30m_s_20000101_20221231_eu_epsg.3035_v20240424,{base_path}/ai4sh/dtm/dtm.bareearth_ensemble_p10_30m_s_20000101_20221231_eu_epsg.3035_v20240424.tif, ,longterm_or_static,common,,,,,,,p10,eu,,
dtm.bareearth_ensemble_p10_480m_s_20000101_20221231_eu_epsg.3035_v20240424,{base_path}/ai4sh/dtm/dtm.bareearth_ensemble_p10_480m_s_20000101_20221231_eu_epsg.3035_v20240424.tif, ,longterm_or_static,common,,,,,,,p10,eu,,
dtm.bareearth_ensemble_p10_60m_s_20000101_20221231_eu_epsg.3035_v20240424,{base_path}/ai4sh/dtm/dtm.bareearth_ensemble_p10_60m_s_20000101_20221231_eu_epsg.3035_v20240424.tif, ,longterm_or_static,common,,,,,,,p10,eu,,
dtm.bareearth_ensemble_p10_960m_s_20000101_20221231_eu_epsg.3035_v20240424,{base_path}/ai4sh/dtm/dtm.bareearth_ensemble_p10_960m_s_20000101_20221231_eu_epsg.3035_v20240424.tif, ,longterm_or_static,common,,,,,,,p10,eu,,
flow.accum.bareearth_ensemble_m_120m_s_20000101_20221231_eu_epsg.3035_v20240501,{base_path}/ai4sh/dtm/flow.accum.bareearth_ensemble_m_120m_s_20000101_20221231_eu_epsg.3035_v20240501.tif, ,longterm_or_static,common,,,,,,,m,eu,,
flow.accum.bareearth_ensemble_m_60m_s_20000101_20221231_eu_epsg.3035_v20240501,{base_path}/ai4sh/dtm/flow.accum.bareearth_ensemble_m_60m_s_20000101_20221231_eu_epsg.3035_v20240501.tif, ,longterm_or_static,common,,,,,,,m,eu,,
geomorphon.bareearth_ensemble_m_120m_s_20000101_20221231_eu_epsg.3035_v20240501,{base_path}/ai4sh/dtm/geomorphon.bareearth_ensemble_m_120m_s_20000101_20221231_eu_epsg.3035_v20240501.tif, ,longterm_or_static,common,,,,,,,m,eu,,
geomorphon.bareearth_ensemble_m_240m_s_20000101_20221231_eu_epsg.3035_v20240501,{base_path}/ai4sh/dtm/geomorphon.bareearth_ensemble_m_240m_s_20000101_20221231_eu_epsg.3035_v20240501.tif, ,longterm_or_static,common,,,,,,,m,eu,,
geomorphon.bareearth_ensemble_m_480m_s_20000101_20221231_eu_epsg.3035_v20240501,{base_path}/ai4sh/dtm/geomorphon.bareearth_ensemble_m_480m_s_20000101_20221231_eu_epsg.3035_v20240501.tif, ,longterm_or_static,common,,,,,,,m,eu,,
geomorphon.bareearth_ensemble_m_960m_s_20000101_20221231eu_epsg.3035_v20240501,{base_path}/ai4sh/dtm/geomorphon.bareearth_ensemble_m_960m_s_20000101_20221231eu_epsg.3035_v20240501.tif, ,longterm_or_static,common,,,,,,,m,eu,,
hillshade.bareearth_ensemble_m_120m_s_20000101_20221231_eu_epsg.3035_v20240424,{base_path}/ai4sh/dtm/hillshade.bareearth_ensemble_m_120m_s_20000101_20221231_eu_epsg.3035_v20240424.tif, ,longterm_or_static,common,,,,,,,m,eu,,
hillshade.bareearth_ensemble_m_240m_s_20000101_20221231_eu_epsg.3035_v20240424,{base_path}/ai4sh/dtm/hillshade.bareearth_ensemble_m_240m_s_20000101_20221231_eu_epsg.3035_v20240424.tif, ,longterm_or_static,common,,,,,,,m,eu,,
hillshade.bareearth_ensemble_m_30m_s_20000101_20221231_eu_epsg.3035_v20240424,{base_path}/ai4sh/dtm/hillshade.bareearth_ensemble_m_30m_s_20000101_20221231_eu_epsg.3035_v20240424.tif, ,longterm_or_static,common,,,,,,,m,eu,,
hillshade.bareearth_ensemble_m_480m_s_20000101_20221231_eu_epsg.3035_v20240424,{base_path}/ai4sh/dtm/hillshade.bareearth_ensemble_m_480m_s_20000101_20221231_eu_epsg.3035_v20240424.tif, ,longterm_or_static,common,,,,,,,m,eu,,
hillshade.bareearth_ensemble_m_60m_s_20000101_20221231_eu_epsg.3035_v20240424,{base_path}/ai4sh/dtm/hillshade.bareearth_ensemble_m_60m_s_20000101_20221231_eu_epsg.3035_v20240424.tif, ,longterm_or_static,common,,,,,,,m,eu,,
hillshade.bareearth_ensemble_m_960m_s_20000101_20221231_eu_epsg.3035_v20240424,{base_path}/ai4sh/dtm/hillshade.bareearth_ensemble_m_960m_s_20000101_20221231_eu_epsg.3035_v20240424.tif, ,longterm_or_static,common,,,,,,,m,eu,,
ls.factor.bareearth_ensemble_m_120m_s_20000101_20221231_eu_epsg.3035_v20240501,{base_path}/ai4sh/dtm/ls.factor.bareearth_ensemble_m_120m_s_20000101_20221231_eu_epsg.3035_v20240501.tif, ,longterm_or_static,common,,,,,,,m,eu,,
ls.factor.bareearth_ensemble_m_240m_s_20000101_20221231_eu_epsg.3035_v20240501,{base_path}/ai4sh/dtm/ls.factor.bareearth_ensemble_m_240m_s_20000101_20221231_eu_epsg.3035_v20240501.tif, ,longterm_or_static,common,,,,,,,m,eu,,
ls.factor.bareearth_ensemble_m_480m_s_20000101_20221231_eu_epsg.3035_v20240501,{base_path}/ai4sh/dtm/ls.factor.bareearth_ensemble_m_480m_s_20000101_20221231_eu_epsg.3035_v20240501.tif, ,longterm_or_static,common,,,,,,,m,eu,,
ls.factor.bareearth_ensemble_m_60m_s_20000101_20221231_eu_epsg.3035_v20240501,{base_path}/ai4sh/dtm/ls.factor.bareearth_ensemble_m_60m_s_20000101_20221231_eu_epsg.3035_v20240501.tif, ,longterm_or_static,common,,,,,,,m,eu,,
ls.factor.bareearth_ensemble_m_960m_s_20000101_20221231_eu_epsg.3035_v20240501,{base_path}/ai4sh/dtm/ls.factor.bareearth_ensemble_m_960m_s_20000101_20221231_eu_epsg.3035_v20240501.tif, ,longterm_or_static,common,,,,,,,m,eu,,
max.curv.bareearth_ensemble_m_120m_s_20000101_20221231_eu_epsg.3035_v20240501,{base_path}/ai4sh/dtm/max.curv.bareearth_ensemble_m_120m_s_20000101_20221231_eu_epsg.3035_v20240501.tif, ,longterm_or_static,common,,,,,,,m,eu,,
max.curv.bareearth_ensemble_m_240m_s_20000101_20221231_eu_epsg.3035_v20240501,{base_path}/ai4sh/dtm/max.curv.bareearth_ensemble_m_240m_s_20000101_20221231_eu_epsg.3035_v20240501.tif, ,longterm_or_static,common,,,,,,,m,eu,,
max.curv.bareearth_ensemble_m_30m_s_20000101_20221231_eu_epsg.3035_v20240501,{base_path}/ai4sh/dtm/max.curv.bareearth_ensemble_m_30m_s_20000101_20221231_eu_epsg.3035_v20240501.tif, ,longterm_or_static,common,,,,,,,m,eu,,
max.curv.bareearth_ensemble_m_480m_s_20000101_20221231_eu_epsg.3035_v20240501,{base_path}/ai4sh/dtm/max.curv.bareearth_ensemble_m_480m_s_20000101_20221231_eu_epsg.3035_v20240501.tif, ,longterm_or_static,common,,,,,,,m,eu,,
max.curv.bareearth_ensemble_m_60m_s_20000101_20221231_eu_epsg.3035_v20240501,{base_path}/ai4sh/dtm/max.curv.bareearth_ensemble_m_60m_s_20000101_20221231_eu_epsg.3035_v20240501.tif, ,longterm_or_static,common,,,,,,,m,eu,,
max.curv.bareearth_ensemble_m_960m_s_20000101_20221231_eu_epsg.3035_v20240501,{base_path}/ai4sh/dtm/max.curv.bareearth_ensemble_m_960m_s_20000101_20221231_eu_epsg.3035_v20240501.tif, ,longterm_or_static,common,,,,,,,m,eu,,
min.curv.bareearth_ensemble_m_120m_s_20000101_20221231_eu_epsg.3035_v20240501,{base_path}/ai4sh/dtm/min.curv.bareearth_ensemble_m_120m_s_20000101_20221231_eu_epsg.3035_v20240501.tif, ,longterm_or_static,common,,,,,,,m,eu,,
min.curv.bareearth_ensemble_m_240m_s_20000101_20221231_eu_epsg.3035_v20240501,{base_path}/ai4sh/dtm/min.curv.bareearth_ensemble_m_240m_s_20000101_20221231_eu_epsg.3035_v20240501.tif, ,longterm_or_static,common,,,,,,,m,eu,,
min.curv.bareearth_ensemble_m_30m_s_20000101_20221231_eu_epsg.3035_v20240424,{base_path}/ai4sh/dtm/min.curv.bareearth_ensemble_m_30m_s_20000101_20221231_eu_epsg.3035_v20240424.tif, ,longterm_or_static,common,,,,,,,m,eu,,
min.curv.bareearth_ensemble_m_480m_s_20000101_20221231_eu_epsg.3035_v20240501,{base_path}/ai4sh/dtm/min.curv.bareearth_ensemble_m_480m_s_20000101_20221231_eu_epsg.3035_v20240501.tif, ,longterm_or_static,common,,,,,,,m,eu,,
min.curv.bareearth_ensemble_m_60m_s_20000101_20221231_eu_epsg.3035_v20240501,{base_path}/ai4sh/dtm/min.curv.bareearth_ensemble_m_60m_s_20000101_20221231_eu_epsg.3035_v20240501.tif, ,longterm_or_static,common,,,,,,,m,eu,,
min.curv.bareearth_ensemble_m_960m_s_20000101_20221231_eu_epsg.3035_v20240501,{base_path}/ai4sh/dtm/min.curv.bareearth_ensemble_m_960m_s_20000101_20221231_eu_epsg.3035_v20240501.tif, ,longterm_or_static,common,,,,,,,m,eu,,
neg.openess.bareearth_ensemble_m_120m_s_20000101_20221231_eu_epsg.3035_v20240501,{base_path}/ai4sh/dtm/neg.openess.bareearth_ensemble_m_120m_s_20000101_20221231_eu_epsg.3035_v20240501.tif, ,longterm_or_static,common,,,,,,,m,eu,,
neg.openess.bareearth_ensemble_m_240m_s_20000101_20221231_eu_epsg.3035_v20240501,{base_path}/ai4sh/dtm/neg.openess.bareearth_ensemble_m_240m_s_20000101_20221231_eu_epsg.3035_v20240501.tif, ,longterm_or_static,common,,,,,,,m,eu,,
neg.openess.bareearth_ensemble_m_30m_s_20000101_20221231_eu_epsg.3035_v20240424,{base_path}/ai4sh/dtm/neg.openess.bareearth_ensemble_m_30m_s_20000101_20221231_eu_epsg.3035_v20240424.tif, ,longterm_or_static,common,,,,,,,m,eu,,
neg.openess.bareearth_ensemble_m_480m_s_20000101_20221231_eu_epsg.3035_v20240501,{base_path}/ai4sh/dtm/neg.openess.bareearth_ensemble_m_480m_s_20000101_20221231_eu_epsg.3035_v20240501.tif, ,longterm_or_static,common,,,,,,,m,eu,,
neg.openess.bareearth_ensemble_m_60m_s_20000101_20221231_eu_epsg.3035_v20240501,{base_path}/ai4sh/dtm/neg.openess.bareearth_ensemble_m_60m_s_20000101_20221231_eu_epsg.3035_v20240501.tif, ,longterm_or_static,common,,,,,,,m,eu,,
neg.openess.bareearth_ensemble_m_960m_s_20000101_20221231_eu_epsg.3035_v20240501,{base_path}/ai4sh/dtm/neg.openess.bareearth_ensemble_m_960m_s_20000101_20221231_eu_epsg.3035_v20240501.tif, ,longterm_or_static,common,,,,,,,m,eu,,
nosink.bareearth_ensemble_m_120m_s_20000101_20221231_eu_epsg.3035_v20240501,{base_path}/ai4sh/dtm/nosink.bareearth_ensemble_m_120m_s_20000101_20221231_eu_epsg.3035_v20240501.tif, ,longterm_or_static,common,,,,,,,m,eu,,
nosink.bareearth_ensemble_m_60m_s_20000101_20221231_eu_epsg.3035_v20240501,{base_path}/ai4sh/dtm/nosink.bareearth_ensemble_m_60m_s_20000101_20221231_eu_epsg.3035_v20240501.tif, ,longterm_or_static,common,,,,,,,m,eu,,
pos.openess.bareearth_ensemble_m_120m_s_20000101_20221231_eu_epsg.3035_v20240501,{base_path}/ai4sh/dtm/pos.openess.bareearth_ensemble_m_120m_s_20000101_20221231_eu_epsg.3035_v20240501.tif, ,longterm_or_static,common,,,,,,,m,eu,,
pos.openess.bareearth_ensemble_m_240m_s_20000101_20221231_eu_epsg.3035_v20240501,{base_path}/ai4sh/dtm/pos.openess.bareearth_ensemble_m_240m_s_20000101_20221231_eu_epsg.3035_v20240501.tif, ,longterm_or_static,common,,,,,,,m,eu,,
pos.openess.bareearth_ensemble_m_30m_s_20000101_20221231_eu_epsg.3035_v20240424,{base_path}/ai4sh/dtm/pos.openess.bareearth_ensemble_m_30m_s_20000101_20221231_eu_epsg.3035_v20240424.tif, ,longterm_or_static,common,,,,,,,m,eu,,
pos.openess.bareearth_ensemble_m_480m_s_20000101_20221231_eu_epsg.3035_v20240501,{base_path}/ai4sh/dtm/pos.openess.bareearth_ensemble_m_480m_s_20000101_20221231_eu_epsg.3035_v20240501.tif, ,longterm_or_static,common,,,,,,,m,eu,,
pos.openess.bareearth_ensemble_m_60m_s_20000101_20221231_eu_epsg.3035_v20240501,{base_path}/ai4sh/dtm/pos.openess.bareearth_ensemble_m_60m_s_20000101_20221231_eu_epsg.3035_v20240501.tif, ,longterm_or_static,common,,,,,,,m,eu,,
pos.openess.bareearth_ensemble_m_960m_s_20000101_20221231_eu_epsg.3035_v20240501,{base_path}/ai4sh/dtm/pos.openess.bareearth_ensemble_m_960m_s_20000101_20221231_eu_epsg.3035_v20240501.tif, ,longterm_or_static,common,,,,,,,m,eu,,
slope.bareearth_ensemble_m_120m_s_20000101_20221231_eu_epsg.3035_v20240501,{base_path}/ai4sh/dtm/slope.bareearth_ensemble_m_120m_s_20000101_20221231_eu_epsg.3035_v20240501.tif, ,longterm_or_static,common,,,,,,,m,eu,,
slope.bareearth_ensemble_m_240m_s_20000101_20221231_eu_epsg.3035_v20240501,{base_path}/ai4sh/dtm/slope.bareearth_ensemble_m_240m_s_20000101_20221231_eu_epsg.3035_v20240501.tif, ,longterm_or_static,common,,,,,,,m,eu,,
slope.bareearth_ensemble_m_30m_s_20000101_20221231_eu_epsg.3035_v20240501,{base_path}/ai4sh/dtm/slope.bareearth_ensemble_m_30m_s_20000101_20221231_eu_epsg.3035_v20240501.tif, ,longterm_or_static,common,,,,,,,m,eu,,
slope.bareearth_ensemble_m_480m_s_20000101_20221231_eu_epsg.3035_v20240501,{base_path}/ai4sh/dtm/slope.bareearth_ensemble_m_480m_s_20000101_20221231_eu_epsg.3035_v20240501.tif, ,longterm_or_static,common,,,,,,,m,eu,,
slope.bareearth_ensemble_m_60m_s_20000101_20221231_eu_epsg.3035_v20240501,{base_path}/ai4sh/dtm/slope.bareearth_ensemble_m_60m_s_20000101_20221231_eu_epsg.3035_v20240501.tif, ,longterm_or_static,common,,,,,,,m,eu,,
slope.bareearth_ensemble_m_960m_s_20000101_20221231_eu_epsg.3035_v20240501,{base_path}/ai4sh/dtm/slope.bareearth_ensemble_m_960m_s_20000101_20221231_eu_epsg.3035_v20240501.tif, ,longterm_or_static,common,,,,,,,m,eu,,
spec.catch.area.factor.bareearth_ensemble_m_240m_s_20000101_20221231_eu_epsg.3035_v20240501,{base_path}/ai4sh/dtm/spec.catch.area.factor.bareearth_ensemble_m_240m_s_20000101_20221231_eu_epsg.3035_v20240501.tif, ,longterm_or_static,common,,,,,,,m,eu,,
spec.catch.area.factor.bareearth_ensemble_m_480m_s_20000101_20221231_eu_epsg.3035_v20240501,{base_path}/ai4sh/dtm/spec.catch.area.factor.bareearth_ensemble_m_480m_s_20000101_20221231_eu_epsg.3035_v20240501.tif, ,longterm_or_static,common,,,,,,,m,eu,,
spec.catch.area.factor.bareearth_ensemble_m_60m_s_20000101_20221231_eu_epsg.3035_v20240501,{base_path}/ai4sh/dtm/spec.catch.area.factor.bareearth_ensemble_m_60m_s_20000101_20221231_eu_epsg.3035_v20240501.tif, ,longterm_or_static,common,,,,,,,m,eu,,
spec.catch.area.factor.bareearth_ensemble_m_960m_s_20000101_20221231_eu_epsg.3035_v20240501,{base_path}/ai4sh/dtm/spec.catch.area.factor.bareearth_ensemble_m_960m_s_20000101_20221231_eu_epsg.3035_v20240501.tif, ,longterm_or_static,common,,,,,,,m,eu,,
twi.bareearth_ensemble_m_120m_s_20000101_20221231_eu_epsg.3035_v20240501,{base_path}/ai4sh/dtm/twi.bareearth_ensemble_m_120m_s_20000101_20221231_eu_epsg.3035_v20240501.tif, ,longterm_or_static,common,,,,,,,m,eu,,
twi.bareearth_ensemble_m_240m_s_20000101_20221231_eu_epsg.3035_v20240501,{base_path}/ai4sh/dtm/twi.bareearth_ensemble_m_240m_s_20000101_20221231_eu_epsg.3035_v20240501.tif, ,longterm_or_static,common,,,,,,,m,eu,,
twi.bareearth_ensemble_m_480m_s_20000101_20221231_eu_epsg.3035_v20240501,{base_path}/ai4sh/dtm/twi.bareearth_ensemble_m_480m_s_20000101_20221231_eu_epsg.3035_v20240501.tif, ,longterm_or_static,common,,,,,,,m,eu,,
twi.bareearth_ensemble_m_60m_s_20000101_20221231_eu_epsg.3035_v20240501,{base_path}/ai4sh/dtm/twi.bareearth_ensemble_m_60m_s_20000101_20221231_eu_epsg.3035_v20240501.tif, ,longterm_or_static,common,,,,,,,m,eu,,
twi.bareearth_ensemble_m_960m_s_20000101_20221231_eu_epsg.3035_v20240501,{base_path}/ai4sh/dtm/twi.bareearth_ensemble_m_960m_s_20000101_20221231_eu_epsg.3035_v20240501.tif, ,longterm_or_static,common,,,,,,,m,eu,,
lithology.1.lithology_egdi.1m_c_250m_s_20000101_20221231_eu_epsg.3035_v20240530,{base_path}/ai4sh/indicator/lithology.1.lithology_egdi.1m_c_250m_s_20000101_20221231_eu_epsg.3035_v20240530.tif,lithology,longterm_or_static,common,,,,,,,250m,eu,,
lithology.10.lithology_egdi.1m_c_250m_s_20000101_20221231_eu_epsg.3035_v20240530,{base_path}/ai4sh/indicator/lithology.10.lithology_egdi.1m_c_250m_s_20000101_20221231_eu_epsg.3035_v20240530.tif,lithology,longterm_or_static,common,,,,,,,250m,eu,,
lithology.100.lithology_egdi.1m_c_250m_s_20000101_20221231_eu_epsg.3035_v20240530,{base_path}/ai4sh/indicator/lithology.100.lithology_egdi.1m_c_250m_s_20000101_20221231_eu_epsg.3035_v20240530.tif,lithology,longterm_or_static,common,,,,,,,250m,eu,,
lithology.101.lithology_egdi.1m_c_250m_s_20000101_20221231_eu_epsg.3035_v20240530,{base_path}/ai4sh/indicator/lithology.101.lithology_egdi.1m_c_250m_s_20000101_20221231_eu_epsg.3035_v20240530.tif,lithology,longterm_or_static,common,,,,,,,250m,eu,,
lithology.102.lithology_egdi.1m_c_250m_s_20000101_20221231_eu_epsg.3035_v20240530,{base_path}/ai4sh/indicator/lithology.102.lithology_egdi.1m_c_250m_s_20000101_20221231_eu_epsg.3035_v20240530.tif,lithology,longterm_or_static,common,,,,,,,250m,eu,,
lithology.103.lithology_egdi.1m_c_250m_s_20000101_20221231_eu_epsg.3035_v20240530,{base_path}/ai4sh/indicator/lithology.103.lithology_egdi.1m_c_250m_s_20000101_20221231_eu_epsg.3035_v20240530.tif,lithology,longterm_or_static,common,,,,,,,250m,eu,,
lithology.104.lithology_egdi.1m_c_250m_s_20000101_20221231_eu_epsg.3035_v20240530,{base_path}/ai4sh/indicator/lithology.104.lithology_egdi.1m_c_250m_s_20000101_20221231_eu_epsg.3035_v20240530.tif,lithology,longterm_or_static,common,,,,,,,250m,eu,,
lithology.105.lithology_egdi.1m_c_250m_s_20000101_20221231_eu_epsg.3035_v20240530,{base_path}/ai4sh/indicator/lithology.105.lithology_egdi.1m_c_250m_s_20000101_20221231_eu_epsg.3035_v20240530.tif,lithology,longterm_or_static,common,,,,,,,250m,eu,,
lithology.106.lithology_egdi.1m_c_250m_s_20000101_20221231_eu_epsg.3035_v20240530,{base_path}/ai4sh/indicator/lithology.106.lithology_egdi.1m_c_250m_s_20000101_20221231_eu_epsg.3035_v20240530.tif,lithology,longterm_or_static,common,,,,,,,250m,eu,,
lithology.107.lithology_egdi.1m_c_250m_s_20000101_20221231_eu_epsg.3035_v20240530,{base_path}/ai4sh/indicator/lithology.107.lithology_egdi.1m_c_250m_s_20000101_20221231_eu_epsg.3035_v20240530.tif,lithology,longterm_or_static,common,,,,,,,250m,eu,,
lithology.108.lithology_egdi.1m_c_250m_s_20000101_20221231_eu_epsg.3035_v20240530,{base_path}/ai4sh/indicator/lithology.108.lithology_egdi.1m_c_250m_s_20000101_20221231_eu_epsg.3035_v20240530.tif,lithology,longterm_or_static,common,,,,,,,250m,eu,,
lithology.109.lithology_egdi.1m_c_250m_s_20000101_20221231_eu_epsg.3035_v20240530,{base_path}/ai4sh/indicator/lithology.109.lithology_egdi.1m_c_250m_s_20000101_20221231_eu_epsg.3035_v20240530.tif,lithology,longterm_or_static,common,,,,,,,250m,eu,,
lithology.11.lithology_egdi.1m_c_250m_s_20000101_20221231_eu_epsg.3035_v20240530,{base_path}/ai4sh/indicator/lithology.11.lithology_egdi.1m_c_250m_s_20000101_20221231_eu_epsg.3035_v20240530.tif,lithology,longterm_or_static,common,,,,,,,250m,eu,,
lithology.110.lithology_egdi.1m_c_250m_s_20000101_20221231_eu_epsg.3035_v20240530,{base_path}/ai4sh/indicator/lithology.110.lithology_egdi.1m_c_250m_s_20000101_20221231_eu_epsg.3035_v20240530.tif,lithology,longterm_or_static,common,,,,,,,250m,eu,,
lithology.111.lithology_egdi.1m_c_250m_s_20000101_20221231_eu_epsg.3035_v20240530,{base_path}/ai4sh/indicator/lithology.111.lithology_egdi.1m_c_250m_s_20000101_20221231_eu_epsg.3035_v20240530.tif,lithology,longterm_or_static,common,,,,,,,250m,eu,,
lithology.112.lithology_egdi.1m_c_250m_s_20000101_20221231_eu_epsg.3035_v20240530,{base_path}/ai4sh/indicator/lithology.112.lithology_egdi.1m_c_250m_s_20000101_20221231_eu_epsg.3035_v20240530.tif,lithology,longterm_or_static,common,,,,,,,250m,eu,,
lithology.113.lithology_egdi.1m_c_250m_s_20000101_20221231_eu_epsg.3035_v20240530,{base_path}/ai4sh/indicator/lithology.113.lithology_egdi.1m_c_250m_s_20000101_20221231_eu_epsg.3035_v20240530.tif,lithology,longterm_or_static,common,,,,,,,250m,eu,,
lithology.114.lithology_egdi.1m_c_250m_s_20000101_20221231_eu_epsg.3035_v20240530,{base_path}/ai4sh/indicator/lithology.114.lithology_egdi.1m_c_250m_s_20000101_20221231_eu_epsg.3035_v20240530.tif,lithology,longterm_or_static,common,,,,,,,250m,eu,,
lithology.115.lithology_egdi.1m_c_250m_s_20000101_20221231_eu_epsg.3035_v20240530,{base_path}/ai4sh/indicator/lithology.115.lithology_egdi.1m_c_250m_s_20000101_20221231_eu_epsg.3035_v20240530.tif,lithology,longterm_or_static,common,,,,,,,250m,eu,,
lithology.116.lithology_egdi.1m_c_250m_s_20000101_20221231_eu_epsg.3035_v20240530,{base_path}/ai4sh/indicator/lithology.116.lithology_egdi.1m_c_250m_s_20000101_20221231_eu_epsg.3035_v20240530.tif,lithology,longterm_or_static,common,,,,,,,250m,eu,,
lithology.117.lithology_egdi.1m_c_250m_s_20000101_20221231_eu_epsg.3035_v20240530,{base_path}/ai4sh/indicator/lithology.117.lithology_egdi.1m_c_250m_s_20000101_20221231_eu_epsg.3035_v20240530.tif,lithology,longterm_or_static,common,,,,,,,250m,eu,,
lithology.118.lithology_egdi.1m_c_250m_s_20000101_20221231_eu_epsg.3035_v20240530,{base_path}/ai4sh/indicator/lithology.118.lithology_egdi.1m_c_250m_s_20000101_20221231_eu_epsg.3035_v20240530.tif,lithology,longterm_or_static,common,,,,,,,250m,eu,,
lithology.119.lithology_egdi.1m_c_250m_s_20000101_20221231_eu_epsg.3035_v20240530,{base_path}/ai4sh/indicator/lithology.119.lithology_egdi.1m_c_250m_s_20000101_20221231_eu_epsg.3035_v20240530.tif,lithology,longterm_or_static,common,,,,,,,250m,eu,,
lithology.12.lithology_egdi.1m_c_250m_s_20000101_20221231_eu_epsg.3035_v20240530,{base_path}/ai4sh/indicator/lithology.12.lithology_egdi.1m_c_250m_s_20000101_20221231_eu_epsg.3035_v20240530.tif,lithology,longterm_or_static,common,,,,,,,250m,eu,,
lithology.120.lithology_egdi.1m_c_250m_s_20000101_20221231_eu_epsg.3035_v20240530,{base_path}/ai4sh/indicator/lithology.120.lithology_egdi.1m_c_250m_s_20000101_20221231_eu_epsg.3035_v20240530.tif,lithology,longterm_or_static,common,,,,,,,250m,eu,,
lithology.121.lithology_egdi.1m_c_250m_s_20000101_20221231_eu_epsg.3035_v20240530,{base_path}/ai4sh/indicator/lithology.121.lithology_egdi.1m_c_250m_s_20000101_20221231_eu_epsg.3035_v20240530.tif,lithology,longterm_or_static,common,,,,,,,250m,eu,,
lithology.122.lithology_egdi.1m_c_250m_s_20000101_20221231_eu_epsg.3035_v20240530,{base_path}/ai4sh/indicator/lithology.122.lithology_egdi.1m_c_250m_s_20000101_20221231_eu_epsg.3035_v20240530.tif,lithology,longterm_or_static,common,,,,,,,250m,eu,,
lithology.123.lithology_egdi.1m_c_250m_s_20000101_20221231_eu_epsg.3035_v20240530,{base_path}/ai4sh/indicator/lithology.123.lithology_egdi.1m_c_250m_s_20000101_20221231_eu_epsg.3035_v20240530.tif,lithology,longterm_or_static,common,,,,,,,250m,eu,,
lithology.13.lithology_egdi.1m_c_250m_s_20000101_20221231_eu_epsg.3035_v20240530,{base_path}/ai4sh/indicator/lithology.13.lithology_egdi.1m_c_250m_s_20000101_20221231_eu_epsg.3035_v20240530.tif,lithology,longterm_or_static,common,,,,,,,250m,eu,,
lithology.14.lithology_egdi.1m_c_250m_s_20000101_20221231_eu_epsg.3035_v20240530,{base_path}/ai4sh/indicator/lithology.14.lithology_egdi.1m_c_250m_s_20000101_20221231_eu_epsg.3035_v20240530.tif,lithology,longterm_or_static,common,,,,,,,250m,eu,,
lithology.15.lithology_egdi.1m_c_250m_s_20000101_20221231_eu_epsg.3035_v20240530,{base_path}/ai4sh/indicator/lithology.15.lithology_egdi.1m_c_250m_s_20000101_20221231_eu_epsg.3035_v20240530.tif,lithology,longterm_or_static,common,,,,,,,250m,eu,,
lithology.16.lithology_egdi.1m_c_250m_s_20000101_20221231_eu_epsg.3035_v20240530,{base_path}/ai4sh/indicator/lithology.16.lithology_egdi.1m_c_250m_s_20000101_20221231_eu_epsg.3035_v20240530.tif,lithology,longterm_or_static,common,,,,,,,250m,eu,,
lithology.17.lithology_egdi.1m_c_250m_s_20000101_20221231_eu_epsg.3035_v20240530,{base_path}/ai4sh/indicator/lithology.17.lithology_egdi.1m_c_250m_s_20000101_20221231_eu_epsg.3035_v20240530.tif,lithology,longterm_or_static,common,,,,,,,250m,eu,,
lithology.18.lithology_egdi.1m_c_250m_s_20000101_20221231_eu_epsg.3035_v20240530,{base_path}/ai4sh/indicator/lithology.18.lithology_egdi.1m_c_250m_s_20000101_20221231_eu_epsg.3035_v20240530.tif,lithology,longterm_or_static,common,,,,,,,250m,eu,,
lithology.19.lithology_egdi.1m_c_250m_s_20000101_20221231_eu_epsg.3035_v20240530,{base_path}/ai4sh/indicator/lithology.19.lithology_egdi.1m_c_250m_s_20000101_20221231_eu_epsg.3035_v20240530.tif,lithology,longterm_or_static,common,,,,,,,250m,eu,,
lithology.2.lithology_egdi.1m_c_250m_s_20000101_20221231_eu_epsg.3035_v20240530,{base_path}/ai4sh/indicator/lithology.2.lithology_egdi.1m_c_250m_s_20000101_20221231_eu_epsg.3035_v20240530.tif,lithology,longterm_or_static,common,,,,,,,250m,eu,,
lithology.20.lithology_egdi.1m_c_250m_s_20000101_20221231_eu_epsg.3035_v20240530,{base_path}/ai4sh/indicator/lithology.20.lithology_egdi.1m_c_250m_s_20000101_20221231_eu_epsg.3035_v20240530.tif,lithology,longterm_or_static,common,,,,,,,250m,eu,,
lithology.21.lithology_egdi.1m_c_250m_s_20000101_20221231_eu_epsg.3035_v20240530,{base_path}/ai4sh/indicator/lithology.21.lithology_egdi.1m_c_250m_s_20000101_20221231_eu_epsg.3035_v20240530.tif,lithology,longterm_or_static,common,,,,,,,250m,eu,,
lithology.22.lithology_egdi.1m_c_250m_s_20000101_20221231_eu_epsg.3035_v20240530,{base_path}/ai4sh/indicator/lithology.22.lithology_egdi.1m_c_250m_s_20000101_20221231_eu_epsg.3035_v20240530.tif,lithology,longterm_or_static,common,,,,,,,250m,eu,,
lithology.23.lithology_egdi.1m_c_250m_s_20000101_20221231_eu_epsg.3035_v20240530,{base_path}/ai4sh/indicator/lithology.23.lithology_egdi.1m_c_250m_s_20000101_20221231_eu_epsg.3035_v20240530.tif,lithology,longterm_or_static,common,,,,,,,250m,eu,,
lithology.24.lithology_egdi.1m_c_250m_s_20000101_20221231_eu_epsg.3035_v20240530,{base_path}/ai4sh/indicator/lithology.24.lithology_egdi.1m_c_250m_s_20000101_20221231_eu_epsg.3035_v20240530.tif,lithology,longterm_or_static,common,,,,,,,250m,eu,,
lithology.25.lithology_egdi.1m_c_250m_s_20000101_20221231_eu_epsg.3035_v20240530,{base_path}/ai4sh/indicator/lithology.25.lithology_egdi.1m_c_250m_s_20000101_20221231_eu_epsg.3035_v20240530.tif,lithology,longterm_or_static,common,,,,,,,250m,eu,,
lithology.26.lithology_egdi.1m_c_250m_s_20000101_20221231_eu_epsg.3035_v20240530,{base_path}/ai4sh/indicator/lithology.26.lithology_egdi.1m_c_250m_s_20000101_20221231_eu_epsg.3035_v20240530.tif,lithology,longterm_or_static,common,,,,,,,250m,eu,,
lithology.27.lithology_egdi.1m_c_250m_s_20000101_20221231_eu_epsg.3035_v20240530,{base_path}/ai4sh/indicator/lithology.27.lithology_egdi.1m_c_250m_s_20000101_20221231_eu_epsg.3035_v20240530.tif,lithology,longterm_or_static,common,,,,,,,250m,eu,,
lithology.28.lithology_egdi.1m_c_250m_s_20000101_20221231_eu_epsg.3035_v20240530,{base_path}/ai4sh/indicator/lithology.28.lithology_egdi.1m_c_250m_s_20000101_20221231_eu_epsg.3035_v20240530.tif,lithology,longterm_or_static,common,,,,,,,250m,eu,,
lithology.29.lithology_egdi.1m_c_250m_s_20000101_20221231_eu_epsg.3035_v20240530,{base_path}/ai4sh/indicator/lithology.29.lithology_egdi.1m_c_250m_s_20000101_20221231_eu_epsg.3035_v20240530.tif,lithology,longterm_or_static,common,,,,,,,250m,eu,,
lithology.3.lithology_egdi.1m_c_250m_s_20000101_20221231_eu_epsg.3035_v20240530,{base_path}/ai4sh/indicator/lithology.3.lithology_egdi.1m_c_250m_s_20000101_20221231_eu_epsg.3035_v20240530.tif,lithology,longterm_or_static,common,,,,,,,250m,eu,,
lithology.30.lithology_egdi.1m_c_250m_s_20000101_20221231_eu_epsg.3035_v20240530,{base_path}/ai4sh/indicator/lithology.30.lithology_egdi.1m_c_250m_s_20000101_20221231_eu_epsg.3035_v20240530.tif,lithology,longterm_or_static,common,,,,,,,250m,eu,,
lithology.31.lithology_egdi.1m_c_250m_s_20000101_20221231_eu_epsg.3035_v20240530,{base_path}/ai4sh/indicator/lithology.31.lithology_egdi.1m_c_250m_s_20000101_20221231_eu_epsg.3035_v20240530.tif,lithology,longterm_or_static,common,,,,,,,250m,eu,,
lithology.32.lithology_egdi.1m_c_250m_s_20000101_20221231_eu_epsg.3035_v20240530,{base_path}/ai4sh/indicator/lithology.32.lithology_egdi.1m_c_250m_s_20000101_20221231_eu_epsg.3035_v20240530.tif,lithology,longterm_or_static,common,,,,,,,250m,eu,,
lithology.33.lithology_egdi.1m_c_250m_s_20000101_20221231_eu_epsg.3035_v20240530,{base_path}/ai4sh/indicator/lithology.33.lithology_egdi.1m_c_250m_s_20000101_20221231_eu_epsg.3035_v20240530.tif,lithology,longterm_or_static,common,,,,,,,250m,eu,,
lithology.34.lithology_egdi.1m_c_250m_s_20000101_20221231_eu_epsg.3035_v20240530,{base_path}/ai4sh/indicator/lithology.34.lithology_egdi.1m_c_250m_s_20000101_20221231_eu_epsg.3035_v20240530.tif,lithology,longterm_or_static,common,,,,,,,250m,eu,,
lithology.35.lithology_egdi.1m_c_250m_s_20000101_20221231_eu_epsg.3035_v20240530,{base_path}/ai4sh/indicator/lithology.35.lithology_egdi.1m_c_250m_s_20000101_20221231_eu_epsg.3035_v20240530.tif,lithology,longterm_or_static,common,,,,,,,250m,eu,,
lithology.36.lithology_egdi.1m_c_250m_s_20000101_20221231_eu_epsg.3035_v20240530,{base_path}/ai4sh/indicator/lithology.36.lithology_egdi.1m_c_250m_s_20000101_20221231_eu_epsg.3035_v20240530.tif,lithology,longterm_or_static,common,,,,,,,250m,eu,,
lithology.37.lithology_egdi.1m_c_250m_s_20000101_20221231_eu_epsg.3035_v20240530,{base_path}/ai4sh/indicator/lithology.37.lithology_egdi.1m_c_250m_s_20000101_20221231_eu_epsg.3035_v20240530.tif,lithology,longterm_or_static,common,,,,,,,250m,eu,,
lithology.38.lithology_egdi.1m_c_250m_s_20000101_20221231_eu_epsg.3035_v20240530,{base_path}/ai4sh/indicator/lithology.38.lithology_egdi.1m_c_250m_s_20000101_20221231_eu_epsg.3035_v20240530.tif,lithology,longterm_or_static,common,,,,,,,250m,eu,,
lithology.39.lithology_egdi.1m_c_250m_s_20000101_20221231_eu_epsg.3035_v20240530,{base_path}/ai4sh/indicator/lithology.39.lithology_egdi.1m_c_250m_s_20000101_20221231_eu_epsg.3035_v20240530.tif,lithology,longterm_or_static,common,,,,,,,250m,eu,,
lithology.4.lithology_egdi.1m_c_250m_s_20000101_20221231_eu_epsg.3035_v20240530,{base_path}/ai4sh/indicator/lithology.4.lithology_egdi.1m_c_250m_s_20000101_20221231_eu_epsg.3035_v20240530.tif,lithology,longterm_or_static,common,,,,,,,250m,eu,,
lithology.40.lithology_egdi.1m_c_250m_s_20000101_20221231_eu_epsg.3035_v20240530,{base_path}/ai4sh/indicator/lithology.40.lithology_egdi.1m_c_250m_s_20000101_20221231_eu_epsg.3035_v20240530.tif,lithology,longterm_or_static,common,,,,,,,250m,eu,,
lithology.41.lithology_egdi.1m_c_250m_s_20000101_20221231_eu_epsg.3035_v20240530,{base_path}/ai4sh/indicator/lithology.41.lithology_egdi.1m_c_250m_s_20000101_20221231_eu_epsg.3035_v20240530.tif,lithology,longterm_or_static,common,,,,,,,250m,eu,,
lithology.42.lithology_egdi.1m_c_250m_s_20000101_20221231_eu_epsg.3035_v20240530,{base_path}/ai4sh/indicator/lithology.42.lithology_egdi.1m_c_250m_s_20000101_20221231_eu_epsg.3035_v20240530.tif,lithology,longterm_or_static,common,,,,,,,250m,eu,,
lithology.43.lithology_egdi.1m_c_250m_s_20000101_20221231_eu_epsg.3035_v20240530,{base_path}/ai4sh/indicator/lithology.43.lithology_egdi.1m_c_250m_s_20000101_20221231_eu_epsg.3035_v20240530.tif,lithology,longterm_or_static,common,,,,,,,250m,eu,,
lithology.44.lithology_egdi.1m_c_250m_s_20000101_20221231_eu_epsg.3035_v20240530,{base_path}/ai4sh/indicator/lithology.44.lithology_egdi.1m_c_250m_s_20000101_20221231_eu_epsg.3035_v20240530.tif,lithology,longterm_or_static,common,,,,,,,250m,eu,,
lithology.45.lithology_egdi.1m_c_250m_s_20000101_20221231_eu_epsg.3035_v20240530,{base_path}/ai4sh/indicator/lithology.45.lithology_egdi.1m_c_250m_s_20000101_20221231_eu_epsg.3035_v20240530.tif,lithology,longterm_or_static,common,,,,,,,250m,eu,,
lithology.46.lithology_egdi.1m_c_250m_s_20000101_20221231_eu_epsg.3035_v20240530,{base_path}/ai4sh/indicator/lithology.46.lithology_egdi.1m_c_250m_s_20000101_20221231_eu_epsg.3035_v20240530.tif,lithology,longterm_or_static,common,,,,,,,250m,eu,,
lithology.47.lithology_egdi.1m_c_250m_s_20000101_20221231_eu_epsg.3035_v20240530,{base_path}/ai4sh/indicator/lithology.47.lithology_egdi.1m_c_250m_s_20000101_20221231_eu_epsg.3035_v20240530.tif,lithology,longterm_or_static,common,,,,,,,250m,eu,,
lithology.48.lithology_egdi.1m_c_250m_s_20000101_20221231_eu_epsg.3035_v20240530,{base_path}/ai4sh/indicator/lithology.48.lithology_egdi.1m_c_250m_s_20000101_20221231_eu_epsg.3035_v20240530.tif,lithology,longterm_or_static,common,,,,,,,250m,eu,,
lithology.49.lithology_egdi.1m_c_250m_s_20000101_20221231_eu_epsg.3035_v20240530,{base_path}/ai4sh/indicator/lithology.49.lithology_egdi.1m_c_250m_s_20000101_20221231_eu_epsg.3035_v20240530.tif,lithology,longterm_or_static,common,,,,,,,250m,eu,,
lithology.5.lithology_egdi.1m_c_250m_s_20000101_20221231_eu_epsg.3035_v20240530,{base_path}/ai4sh/indicator/lithology.5.lithology_egdi.1m_c_250m_s_20000101_20221231_eu_epsg.3035_v20240530.tif,lithology,longterm_or_static,common,,,,,,,250m,eu,,
lithology.50.lithology_egdi.1m_c_250m_s_20000101_20221231_eu_epsg.3035_v20240530,{base_path}/ai4sh/indicator/lithology.50.lithology_egdi.1m_c_250m_s_20000101_20221231_eu_epsg.3035_v20240530.tif,lithology,longterm_or_static,common,,,,,,,250m,eu,,
lithology.51.lithology_egdi.1m_c_250m_s_20000101_20221231_eu_epsg.3035_v20240530,{base_path}/ai4sh/indicator/lithology.51.lithology_egdi.1m_c_250m_s_20000101_20221231_eu_epsg.3035_v20240530.tif,lithology,longterm_or_static,common,,,,,,,250m,eu,,
lithology.52.lithology_egdi.1m_c_250m_s_20000101_20221231_eu_epsg.3035_v20240530,{base_path}/ai4sh/indicator/lithology.52.lithology_egdi.1m_c_250m_s_20000101_20221231_eu_epsg.3035_v20240530.tif,lithology,longterm_or_static,common,,,,,,,250m,eu,,
lithology.53.lithology_egdi.1m_c_250m_s_20000101_20221231_eu_epsg.3035_v20240530,{base_path}/ai4sh/indicator/lithology.53.lithology_egdi.1m_c_250m_s_20000101_20221231_eu_epsg.3035_v20240530.tif,lithology,longterm_or_static,common,,,,,,,250m,eu,,
lithology.54.lithology_egdi.1m_c_250m_s_20000101_20221231_eu_epsg.3035_v20240530,{base_path}/ai4sh/indicator/lithology.54.lithology_egdi.1m_c_250m_s_20000101_20221231_eu_epsg.3035_v20240530.tif,lithology,longterm_or_static,common,,,,,,,250m,eu,,
lithology.55.lithology_egdi.1m_c_250m_s_20000101_20221231_eu_epsg.3035_v20240530,{base_path}/ai4sh/indicator/lithology.55.lithology_egdi.1m_c_250m_s_20000101_20221231_eu_epsg.3035_v20240530.tif,lithology,longterm_or_static,common,,,,,,,250m,eu,,
lithology.56.lithology_egdi.1m_c_250m_s_20000101_20221231_eu_epsg.3035_v20240530,{base_path}/ai4sh/indicator/lithology.56.lithology_egdi.1m_c_250m_s_20000101_20221231_eu_epsg.3035_v20240530.tif,lithology,longterm_or_static,common,,,,,,,250m,eu,,
lithology.57.lithology_egdi.1m_c_250m_s_20000101_20221231_eu_epsg.3035_v20240530,{base_path}/ai4sh/indicator/lithology.57.lithology_egdi.1m_c_250m_s_20000101_20221231_eu_epsg.3035_v20240530.tif,lithology,longterm_or_static,common,,,,,,,250m,eu,,
lithology.58.lithology_egdi.1m_c_250m_s_20000101_20221231_eu_epsg.3035_v20240530,{base_path}/ai4sh/indicator/lithology.58.lithology_egdi.1m_c_250m_s_20000101_20221231_eu_epsg.3035_v20240530.tif,lithology,longterm_or_static,common,,,,,,,250m,eu,,
lithology.59.lithology_egdi.1m_c_250m_s_20000101_20221231_eu_epsg.3035_v20240530,{base_path}/ai4sh/indicator/lithology.59.lithology_egdi.1m_c_250m_s_20000101_20221231_eu_epsg.3035_v20240530.tif,lithology,longterm_or_static,common,,,,,,,250m,eu,,
lithology.6.lithology_egdi.1m_c_250m_s_20000101_20221231_eu_epsg.3035_v20240530,{base_path}/ai4sh/indicator/lithology.6.lithology_egdi.1m_c_250m_s_20000101_20221231_eu_epsg.3035_v20240530.tif,lithology,longterm_or_static,common,,,,,,,250m,eu,,
lithology.60.lithology_egdi.1m_c_250m_s_20000101_20221231_eu_epsg.3035_v20240530,{base_path}/ai4sh/indicator/lithology.60.lithology_egdi.1m_c_250m_s_20000101_20221231_eu_epsg.3035_v20240530.tif,lithology,longterm_or_static,common,,,,,,,250m,eu,,
lithology.61.lithology_egdi.1m_c_250m_s_20000101_20221231_eu_epsg.3035_v20240530,{base_path}/ai4sh/indicator/lithology.61.lithology_egdi.1m_c_250m_s_20000101_20221231_eu_epsg.3035_v20240530.tif,lithology,longterm_or_static,common,,,,,,,250m,eu,,
lithology.62.lithology_egdi.1m_c_250m_s_20000101_20221231_eu_epsg.3035_v20240530,{base_path}/ai4sh/indicator/lithology.62.lithology_egdi.1m_c_250m_s_20000101_20221231_eu_epsg.3035_v20240530.tif,lithology,longterm_or_static,common,,,,,,,250m,eu,,
lithology.63.lithology_egdi.1m_c_250m_s_20000101_20221231_eu_epsg.3035_v20240530,{base_path}/ai4sh/indicator/lithology.63.lithology_egdi.1m_c_250m_s_20000101_20221231_eu_epsg.3035_v20240530.tif,lithology,longterm_or_static,common,,,,,,,250m,eu,,
lithology.64.lithology_egdi.1m_c_250m_s_20000101_20221231_eu_epsg.3035_v20240530,{base_path}/ai4sh/indicator/lithology.64.lithology_egdi.1m_c_250m_s_20000101_20221231_eu_epsg.3035_v20240530.tif,lithology,longterm_or_static,common,,,,,,,250m,eu,,
lithology.65.lithology_egdi.1m_c_250m_s_20000101_20221231_eu_epsg.3035_v20240530,{base_path}/ai4sh/indicator/lithology.65.lithology_egdi.1m_c_250m_s_20000101_20221231_eu_epsg.3035_v20240530.tif,lithology,longterm_or_static,common,,,,,,,250m,eu,,
lithology.66.lithology_egdi.1m_c_250m_s_20000101_20221231_eu_epsg.3035_v20240530,{base_path}/ai4sh/indicator/lithology.66.lithology_egdi.1m_c_250m_s_20000101_20221231_eu_epsg.3035_v20240530.tif,lithology,longterm_or_static,common,,,,,,,250m,eu,,
lithology.67.lithology_egdi.1m_c_250m_s_20000101_20221231_eu_epsg.3035_v20240530,{base_path}/ai4sh/indicator/lithology.67.lithology_egdi.1m_c_250m_s_20000101_20221231_eu_epsg.3035_v20240530.tif,lithology,longterm_or_static,common,,,,,,,250m,eu,,
lithology.68.lithology_egdi.1m_c_250m_s_20000101_20221231_eu_epsg.3035_v20240530,{base_path}/ai4sh/indicator/lithology.68.lithology_egdi.1m_c_250m_s_20000101_20221231_eu_epsg.3035_v20240530.tif,lithology,longterm_or_static,common,,,,,,,250m,eu,,
lithology.69.lithology_egdi.1m_c_250m_s_20000101_20221231_eu_epsg.3035_v20240530,{base_path}/ai4sh/indicator/lithology.69.lithology_egdi.1m_c_250m_s_20000101_20221231_eu_epsg.3035_v20240530.tif,lithology,longterm_or_static,common,,,,,,,250m,eu,,
lithology.7.lithology_egdi.1m_c_250m_s_20000101_20221231_eu_epsg.3035_v20240530,{base_path}/ai4sh/indicator/lithology.7.lithology_egdi.1m_c_250m_s_20000101_20221231_eu_epsg.3035_v20240530.tif,lithology,longterm_or_static,common,,,,,,,250m,eu,,
lithology.70.lithology_egdi.1m_c_250m_s_20000101_20221231_eu_epsg.3035_v20240530,{base_path}/ai4sh/indicator/lithology.70.lithology_egdi.1m_c_250m_s_20000101_20221231_eu_epsg.3035_v20240530.tif,lithology,longterm_or_static,common,,,,,,,250m,eu,,
lithology.71.lithology_egdi.1m_c_250m_s_20000101_20221231_eu_epsg.3035_v20240530,{base_path}/ai4sh/indicator/lithology.71.lithology_egdi.1m_c_250m_s_20000101_20221231_eu_epsg.3035_v20240530.tif,lithology,longterm_or_static,common,,,,,,,250m,eu,,
lithology.72.lithology_egdi.1m_c_250m_s_20000101_20221231_eu_epsg.3035_v20240530,{base_path}/ai4sh/indicator/lithology.72.lithology_egdi.1m_c_250m_s_20000101_20221231_eu_epsg.3035_v20240530.tif,lithology,longterm_or_static,common,,,,,,,250m,eu,,
lithology.73.lithology_egdi.1m_c_250m_s_20000101_20221231_eu_epsg.3035_v20240530,{base_path}/ai4sh/indicator/lithology.73.lithology_egdi.1m_c_250m_s_20000101_20221231_eu_epsg.3035_v20240530.tif,lithology,longterm_or_static,common,,,,,,,250m,eu,,
lithology.74.lithology_egdi.1m_c_250m_s_20000101_20221231_eu_epsg.3035_v20240530,{base_path}/ai4sh/indicator/lithology.74.lithology_egdi.1m_c_250m_s_20000101_20221231_eu_epsg.3035_v20240530.tif,lithology,longterm_or_static,common,,,,,,,250m,eu,,
lithology.75.lithology_egdi.1m_c_250m_s_20000101_20221231_eu_epsg.3035_v20240530,{base_path}/ai4sh/indicator/lithology.75.lithology_egdi.1m_c_250m_s_20000101_20221231_eu_epsg.3035_v20240530.tif,lithology,longterm_or_static,common,,,,,,,250m,eu,,
lithology.76.lithology_egdi.1m_c_250m_s_20000101_20221231_eu_epsg.3035_v20240530,{base_path}/ai4sh/indicator/lithology.76.lithology_egdi.1m_c_250m_s_20000101_20221231_eu_epsg.3035_v20240530.tif,lithology,longterm_or_static,common,,,,,,,250m,eu,,
lithology.77.lithology_egdi.1m_c_250m_s_20000101_20221231_eu_epsg.3035_v20240530,{base_path}/ai4sh/indicator/lithology.77.lithology_egdi.1m_c_250m_s_20000101_20221231_eu_epsg.3035_v20240530.tif,lithology,longterm_or_static,common,,,,,,,250m,eu,,
lithology.78.lithology_egdi.1m_c_250m_s_20000101_20221231_eu_epsg.3035_v20240530,{base_path}/ai4sh/indicator/lithology.78.lithology_egdi.1m_c_250m_s_20000101_20221231_eu_epsg.3035_v20240530.tif,lithology,longterm_or_static,common,,,,,,,250m,eu,,
lithology.79.lithology_egdi.1m_c_250m_s_20000101_20221231_eu_epsg.3035_v20240530,{base_path}/ai4sh/indicator/lithology.79.lithology_egdi.1m_c_250m_s_20000101_20221231_eu_epsg.3035_v20240530.tif,lithology,longterm_or_static,common,,,,,,,250m,eu,,
lithology.8.lithology_egdi.1m_c_250m_s_20000101_20221231_eu_epsg.3035_v20240530,{base_path}/ai4sh/indicator/lithology.8.lithology_egdi.1m_c_250m_s_20000101_20221231_eu_epsg.3035_v20240530.tif,lithology,longterm_or_static,common,,,,,,,250m,eu,,
lithology.80.lithology_egdi.1m_c_250m_s_20000101_20221231_eu_epsg.3035_v20240530,{base_path}/ai4sh/indicator/lithology.80.lithology_egdi.1m_c_250m_s_20000101_20221231_eu_epsg.3035_v20240530.tif,lithology,longterm_or_static,common,,,,,,,250m,eu,,
lithology.81.lithology_egdi.1m_c_250m_s_20000101_20221231_eu_epsg.3035_v20240530,{base_path}/ai4sh/indicator/lithology.81.lithology_egdi.1m_c_250m_s_20000101_20221231_eu_epsg.3035_v20240530.tif,lithology,longterm_or_static,common,,,,,,,250m,eu,,
lithology.82.lithology_egdi.1m_c_250m_s_20000101_20221231_eu_epsg.3035_v20240530,{base_path}/ai4sh/indicator/lithology.82.lithology_egdi.1m_c_250m_s_20000101_20221231_eu_epsg.3035_v20240530.tif,lithology,longterm_or_static,common,,,,,,,250m,eu,,
lithology.83.lithology_egdi.1m_c_250m_s_20000101_20221231_eu_epsg.3035_v20240530,{base_path}/ai4sh/indicator/lithology.83.lithology_egdi.1m_c_250m_s_20000101_20221231_eu_epsg.3035_v20240530.tif,lithology,longterm_or_static,common,,,,,,,250m,eu,,
lithology.84.lithology_egdi.1m_c_250m_s_20000101_20221231_eu_epsg.3035_v20240530,{base_path}/ai4sh/indicator/lithology.84.lithology_egdi.1m_c_250m_s_20000101_20221231_eu_epsg.3035_v20240530.tif,lithology,longterm_or_static,common,,,,,,,250m,eu,,
lithology.85.lithology_egdi.1m_c_250m_s_20000101_20221231_eu_epsg.3035_v20240530,{base_path}/ai4sh/indicator/lithology.85.lithology_egdi.1m_c_250m_s_20000101_20221231_eu_epsg.3035_v20240530.tif,lithology,longterm_or_static,common,,,,,,,250m,eu,,
lithology.86.lithology_egdi.1m_c_250m_s_20000101_20221231_eu_epsg.3035_v20240530,{base_path}/ai4sh/indicator/lithology.86.lithology_egdi.1m_c_250m_s_20000101_20221231_eu_epsg.3035_v20240530.tif,lithology,longterm_or_static,common,,,,,,,250m,eu,,
lithology.87.lithology_egdi.1m_c_250m_s_20000101_20221231_eu_epsg.3035_v20240530,{base_path}/ai4sh/indicator/lithology.87.lithology_egdi.1m_c_250m_s_20000101_20221231_eu_epsg.3035_v20240530.tif,lithology,longterm_or_static,common,,,,,,,250m,eu,,
lithology.88.lithology_egdi.1m_c_250m_s_20000101_20221231_eu_epsg.3035_v20240530,{base_path}/ai4sh/indicator/lithology.88.lithology_egdi.1m_c_250m_s_20000101_20221231_eu_epsg.3035_v20240530.tif,lithology,longterm_or_static,common,,,,,,,250m,eu,,
lithology.89.lithology_egdi.1m_c_250m_s_20000101_20221231_eu_epsg.3035_v20240530,{base_path}/ai4sh/indicator/lithology.89.lithology_egdi.1m_c_250m_s_20000101_20221231_eu_epsg.3035_v20240530.tif,lithology,longterm_or_static,common,,,,,,,250m,eu,,
lithology.9.lithology_egdi.1m_c_250m_s_20000101_20221231_eu_epsg.3035_v20240530,{base_path}/ai4sh/indicator/lithology.9.lithology_egdi.1m_c_250m_s_20000101_20221231_eu_epsg.3035_v20240530.tif,lithology,longterm_or_static,common,,,,,,,250m,eu,,
lithology.90.lithology_egdi.1m_c_250m_s_20000101_20221231_eu_epsg.3035_v20240530,{base_path}/ai4sh/indicator/lithology.90.lithology_egdi.1m_c_250m_s_20000101_20221231_eu_epsg.3035_v20240530.tif,lithology,longterm_or_static,common,,,,,,,250m,eu,,
lithology.91.lithology_egdi.1m_c_250m_s_20000101_20221231_eu_epsg.3035_v20240530,{base_path}/ai4sh/indicator/lithology.91.lithology_egdi.1m_c_250m_s_20000101_20221231_eu_epsg.3035_v20240530.tif,lithology,longterm_or_static,common,,,,,,,250m,eu,,
lithology.92.lithology_egdi.1m_c_250m_s_20000101_20221231_eu_epsg.3035_v20240530,{base_path}/ai4sh/indicator/lithology.92.lithology_egdi.1m_c_250m_s_20000101_20221231_eu_epsg.3035_v20240530.tif,lithology,longterm_or_static,common,,,,,,,250m,eu,,
lithology.93.lithology_egdi.1m_c_250m_s_20000101_20221231_eu_epsg.3035_v20240530,{base_path}/ai4sh/indicator/lithology.93.lithology_egdi.1m_c_250m_s_20000101_20221231_eu_epsg.3035_v20240530.tif,lithology,longterm_or_static,common,,,,,,,250m,eu,,
lithology.94.lithology_egdi.1m_c_250m_s_20000101_20221231_eu_epsg.3035_v20240530,{base_path}/ai4sh/indicator/lithology.94.lithology_egdi.1m_c_250m_s_20000101_20221231_eu_epsg.3035_v20240530.tif,lithology,longterm_or_static,common,,,,,,,250m,eu,,
lithology.95.lithology_egdi.1m_c_250m_s_20000101_20221231_eu_epsg.3035_v20240530,{base_path}/ai4sh/indicator/lithology.95.lithology_egdi.1m_c_250m_s_20000101_20221231_eu_epsg.3035_v20240530.tif,lithology,longterm_or_static,common,,,,,,,250m,eu,,
lithology.96.lithology_egdi.1m_c_250m_s_20000101_20221231_eu_epsg.3035_v20240530,{base_path}/ai4sh/indicator/lithology.96.lithology_egdi.1m_c_250m_s_20000101_20221231_eu_epsg.3035_v20240530.tif,lithology,longterm_or_static,common,,,,,,,250m,eu,,
lithology.97.lithology_egdi.1m_c_250m_s_20000101_20221231_eu_epsg.3035_v20240530,{base_path}/ai4sh/indicator/lithology.97.lithology_egdi.1m_c_250m_s_20000101_20221231_eu_epsg.3035_v20240530.tif,lithology,longterm_or_static,common,,,,,,,250m,eu,,
lithology.98.lithology_egdi.1m_c_250m_s_20000101_20221231_eu_epsg.3035_v20240530,{base_path}/ai4sh/indicator/lithology.98.lithology_egdi.1m_c_250m_s_20000101_20221231_eu_epsg.3035_v20240530.tif,lithology,longterm_or_static,common,,,,,,,250m,eu,,
lithology.99.lithology_egdi.1m_c_250m_s_20000101_20221231_eu_epsg.3035_v20240530,{base_path}/ai4sh/indicator/lithology.99.lithology_egdi.1m_c_250m_s_20000101_20221231_eu_epsg.3035_v20240530.tif,lithology,longterm_or_static,common,,,,,,,250m,eu,,
soil.moisture_s1.clms.qr.1.{perc}_m_1km_20140101_20241231_eu_epsg3035_v20250211,{base_path}/ai4sh/soil_moisture/soil.moisture_s1.clms.qr.1.{perc}_m_1km_20140101_20241231_eu_epsg3035_v20250211.tif,soil moisture,longterm_or_static,common,,,,,,"p0.05,p0.5,p0.95",1km,eu,,
soil.moisture_s1.clms.qr.2.{perc}_m_1km_20140101_20241231_eu_epsg3035_v20250211,{base_path}/ai4sh/soil_moisture/soil.moisture_s1.clms.qr.2.{perc}_m_1km_20140101_20241231_eu_epsg3035_v20250211.tif,soil moisture,longterm_or_static,common,,,,,,"p0.05,p0.5,p0.95",1km,eu,,
soil.moisture_s1.clms.qr.3.{perc}_m_1km_20140101_20241231_eu_epsg3035_v20250211,{base_path}/ai4sh/soil_moisture/soil.moisture_s1.clms.qr.3.{perc}_m_1km_20140101_20241231_eu_epsg3035_v20250211.tif,soil moisture,longterm_or_static,common,,,,,,"p0.05,p0.5,p0.95",1km,eu,,
soil.moisture_s1.clms.qr.4.{perc}_m_1km_20140101_20241231_eu_epsg3035_v20250211,{base_path}/ai4sh/soil_moisture/soil.moisture_s1.clms.qr.4.{perc}_m_1km_20140101_20241231_eu_epsg3035_v20250211.tif,soil moisture,longterm_or_static,common,,,,,,"p0.05,p0.5,p0.95",1km,eu,,
CHELSA_ai_1981-2010_V.2.1,{base_path}/global/bio/CHELSA_ai_1981-2010_V.2.1.tif,bioclim,longterm_or_static,common,,,,,,,1km,go,,chelsa
CHELSA_bio1_1981-2010_V.2.1,{base_path}/global/bio/CHELSA_bio1_1981-2010_V.2.1.tif,bioclim,longterm_or_static,common,,,,,,,1km,go,,chelsa
CHELSA_bio10_1981-2010_V.2.1,{base_path}/global/bio/CHELSA_bio10_1981-2010_V.2.1.tif,bioclim,longterm_or_static,common,,,,,,,1km,go,,chelsa
CHELSA_bio11_1981-2010_V.2.1,{base_path}/global/bio/CHELSA_bio11_1981-2010_V.2.1.tif,bioclim,longterm_or_static,common,,,,,,,1km,go,,chelsa
CHELSA_bio12_1981-2010_V.2.1,{base_path}/global/bio/CHELSA_bio12_1981-2010_V.2.1.tif,bioclim,longterm_or_static,common,,,,,,,1km,go,,chelsa
CHELSA_bio13_1981-2010_V.2.1,{base_path}/global/bio/CHELSA_bio13_1981-2010_V.2.1.tif,bioclim,longterm_or_static,common,,,,,,,1km,go,,chelsa
CHELSA_bio14_1981-2010_V.2.1,{base_path}/global/bio/CHELSA_bio14_1981-2010_V.2.1.tif,bioclim,longterm_or_static,common,,,,,,,1km,go,,chelsa
CHELSA_bio15_1981-2010_V.2.1,{base_path}/global/bio/CHELSA_bio15_1981-2010_V.2.1.tif,bioclim,longterm_or_static,common,,,,,,,1km,go,,chelsa
CHELSA_bio16_1981-2010_V.2.1,{base_path}/global/bio/CHELSA_bio16_1981-2010_V.2.1.tif,bioclim,longterm_or_static,common,,,,,,,1km,go,,chelsa
CHELSA_bio17_1981-2010_V.2.1,{base_path}/global/bio/CHELSA_bio17_1981-2010_V.2.1.tif,bioclim,longterm_or_static,common,,,,,,,1km,go,,chelsa
CHELSA_bio18_1981-2010_V.2.1,{base_path}/global/bio/CHELSA_bio18_1981-2010_V.2.1.tif,bioclim,longterm_or_static,common,,,,,,,1km,go,,chelsa
CHELSA_bio19_1981-2010_V.2.1,{base_path}/global/bio/CHELSA_bio19_1981-2010_V.2.1.tif,bioclim,longterm_or_static,common,,,,,,,1km,go,,chelsa
CHELSA_bio2_1981-2010_V.2.1,{base_path}/global/bio/CHELSA_bio2_1981-2010_V.2.1.tif,bioclim,longterm_or_static,common,,,,,,,1km,go,,chelsa
CHELSA_bio3_1981-2010_V.2.1,{base_path}/global/bio/CHELSA_bio3_1981-2010_V.2.1.tif,bioclim,longterm_or_static,common,,,,,,,1km,go,,chelsa
CHELSA_bio4_1981-2010_V.2.1,{base_path}/global/bio/CHELSA_bio4_1981-2010_V.2.1.tif,bioclim,longterm_or_static,common,,,,,,,1km,go,,chelsa
CHELSA_bio5_1981-2010_V.2.1,{base_path}/global/bio/CHELSA_bio5_1981-2010_V.2.1.tif,bioclim,longterm_or_static,common,,,,,,,1km,go,,chelsa
CHELSA_bio6_1981-2010_V.2.1,{base_path}/global/bio/CHELSA_bio6_1981-2010_V.2.1.tif,bioclim,longterm_or_static,common,,,,,,,1km,go,,chelsa
CHELSA_bio7_1981-2010_V.2.1,{base_path}/global/bio/CHELSA_bio7_1981-2010_V.2.1.tif,bioclim,longterm_or_static,common,,,,,,,1km,go,,chelsa
CHELSA_bio8_1981-2010_V.2.1,{base_path}/global/bio/CHELSA_bio8_1981-2010_V.2.1.tif,bioclim,longterm_or_static,common,,,,,,,1km,go,,chelsa
CHELSA_bio9_1981-2010_V.2.1,{base_path}/global/bio/CHELSA_bio9_1981-2010_V.2.1.tif,bioclim,longterm_or_static,common,,,,,,,1km,go,,chelsa
CHELSA_clt_{perc}_1981-2010_V.2.1,{base_path}/global/bio/CHELSA_clt_{perc}_1981-2010_V.2.1.tif,bioclim,longterm_or_static,common,,,,,,"min,max,range,mean",1km,go,,chelsa
CHELSA_cmi_{perc}_1981-2010_V.2.1,{base_path}/global/bio/CHELSA_cmi_{perc}_1981-2010_V.2.1.tif,bioclim,longterm_or_static,common,,,,,,"min,max,range,mean",1km,go,,chelsa
CHELSA_fcf_1981-2010_V.2.1,{base_path}/global/bio/CHELSA_fcf_1981-2010_V.2.1.tif,bioclim,longterm_or_static,common,,,,,,,1km,go,,chelsa
CHELSA_fgd_1981-2010_V.2.1,{base_path}/global/bio/CHELSA_fgd_1981-2010_V.2.1.tif,bioclim,longterm_or_static,common,,,,,,,1km,go,,chelsa
CHELSA_gdd0_1981-2010_V.2.1,{base_path}/global/bio/CHELSA_gdd0_1981-2010_V.2.1.tif,bioclim,longterm_or_static,common,,,,,,,1km,go,,chelsa
CHELSA_gdd10_1981-2010_V.2.1,{base_path}/global/bio/CHELSA_gdd10_1981-2010_V.2.1.tif,bioclim,longterm_or_static,common,,,,,,,1km,go,,chelsa
CHELSA_gdd5_1981-2010_V.2.1,{base_path}/global/bio/CHELSA_gdd5_1981-2010_V.2.1.tif,bioclim,longterm_or_static,common,,,,,,,1km,go,,chelsa
CHELSA_gddlgd0_1981-2010_V.2.1,{base_path}/global/bio/CHELSA_gddlgd0_1981-2010_V.2.1.tif,bioclim,longterm_or_static,common,,,,,,,1km,go,,chelsa
CHELSA_gddlgd10_1981-2010_V.2.1,{base_path}/global/bio/CHELSA_gddlgd10_1981-2010_V.2.1.tif,bioclim,longterm_or_static,common,,,,,,,1km,go,,chelsa
CHELSA_gddlgd5_1981-2010_V.2.1,{base_path}/global/bio/CHELSA_gddlgd5_1981-2010_V.2.1.tif,bioclim,longterm_or_static,common,,,,,,,1km,go,,chelsa
CHELSA_gdgfgd0_1981-2010_V.2.1,{base_path}/global/bio/CHELSA_gdgfgd0_1981-2010_V.2.1.tif,bioclim,longterm_or_static,common,,,,,,,1km,go,,chelsa
CHELSA_gdgfgd10_1981-2010_V.2.1,{base_path}/global/bio/CHELSA_gdgfgd10_1981-2010_V.2.1.tif,bioclim,longterm_or_static,common,,,,,,,1km,go,,chelsa
CHELSA_gdgfgd5_1981-2010_V.2.1,{base_path}/global/bio/CHELSA_gdgfgd5_1981-2010_V.2.1.tif,bioclim,longterm_or_static,common,,,,,,,1km,go,,chelsa
CHELSA_gsl_gf_1981-2010_V.2.1,{base_path}/global/bio/CHELSA_gsl_gf_1981-2010_V.2.1.tif,bioclim,longterm_or_static,common,,,,,,,1km,go,,chelsa
CHELSA_gsp_1981-2010_V.2.1,{base_path}/global/bio/CHELSA_gsp_1981-2010_V.2.1.tif,bioclim,longterm_or_static,common,,,,,,,1km,go,,chelsa
CHELSA_gst_1981-2010_V.2.1,{base_path}/global/bio/CHELSA_gst_1981-2010_V.2.1.tif,bioclim,longterm_or_static,common,,,,,,,1km,go,,chelsa
CHELSA_hurs_{perc}_1981-2010_V.2.1,{base_path}/global/bio/CHELSA_hurs_{perc}_1981-2010_V.2.1.tif,bioclim,longterm_or_static,common,,,,,,"min,max,range,mean",1km,go,,chelsa
CHELSA_kg0_1981-2010_V.2.1,{base_path}/global/bio/CHELSA_kg0_1981-2010_V.2.1.tif,bioclim,longterm_or_static,common,,,,,,,1km,go,,chelsa
CHELSA_kg1_1981-2010_V.2.1,{base_path}/global/bio/CHELSA_kg1_1981-2010_V.2.1.tif,bioclim,longterm_or_static,common,,,,,,,1km,go,,chelsa
CHELSA_kg2_1981-2010_V.2.1,{base_path}/global/bio/CHELSA_kg2_1981-2010_V.2.1.tif,bioclim,longterm_or_static,common,,,,,,,1km,go,,chelsa
CHELSA_kg3_1981-2010_V.2.1,{base_path}/global/bio/CHELSA_kg3_1981-2010_V.2.1.tif,bioclim,longterm_or_static,common,,,,,,,1km,go,,chelsa
CHELSA_kg4_1981-2010_V.2.1,{base_path}/global/bio/CHELSA_kg4_1981-2010_V.2.1.tif,bioclim,longterm_or_static,common,,,,,,,1km,go,,chelsa
CHELSA_kg5_1981-2010_V.2.1,{base_path}/global/bio/CHELSA_kg5_1981-2010_V.2.1.tif,bioclim,longterm_or_static,common,,,,,,,1km,go,,chelsa
CHELSA_lgd_1981-2010_V.2.1,{base_path}/global/bio/CHELSA_lgd_1981-2010_V.2.1.tif,bioclim,longterm_or_static,common,,,,,,,1km,go,,chelsa
CHELSA_ngd0_1981-2010_V.2.1,{base_path}/global/bio/CHELSA_ngd0_1981-2010_V.2.1.tif,bioclim,longterm_or_static,common,,,,,,,1km,go,,chelsa
CHELSA_ngd10_1981-2010_V.2.1,{base_path}/global/bio/CHELSA_ngd10_1981-2010_V.2.1.tif,bioclim,longterm_or_static,common,,,,,,,1km,go,,chelsa
CHELSA_ngd5_gf_1981-2010_V.2.1,{base_path}/global/bio/CHELSA_ngd5_gf_1981-2010_V.2.1.tif,bioclim,longterm_or_static,common,,,,,,,1km,go,,chelsa
CHELSA_npp_1981-2010_V.2.1,{base_path}/global/bio/CHELSA_npp_1981-2010_V.2.1.tif,bioclim,longterm_or_static,common,,,,,,,1km,go,,chelsa
CHELSA_pet_penman_{perc}_1981-2010_V.2.1,{base_path}/global/bio/CHELSA_pet_penman_{perc}_1981-2010_V.2.1.tif,bioclim,longterm_or_static,common,,,,,,"min,max,range,mean",1km,go,,chelsa
CHELSA_rsds_1981-2010_{perc}_V.2.1,{base_path}/global/bio/CHELSA_rsds_1981-2010_{perc}_V.2.1.tif,bioclim,longterm_or_static,common,,,,,,"min,max,range,mean",1km,go,,chelsa
CHELSA_scd_1981-2010_V.2.1,{base_path}/global/bio/CHELSA_scd_1981-2010_V.2.1.tif,bioclim,longterm_or_static,common,,,,,,,1km,go,,chelsa
CHELSA_sfcWind_{perc}_1981-2010_V.2.1,{base_path}/global/bio/CHELSA_sfcWind_{perc}_1981-2010_V.2.1.tif,bioclim,longterm_or_static,common,,,,,,"min,max,range,mean",1km,go,,chelsa
CHELSA_swb_1981-2010_V.2.1,{base_path}/global/bio/CHELSA_swb_1981-2010_V.2.1.tif,bioclim,longterm_or_static,common,,,,,,,1km,go,,chelsa
CHELSA_swe_1981-2010_V.2.1,{base_path}/global/bio/CHELSA_swe_1981-2010_V.2.1.tif,bioclim,longterm_or_static,common,,,,,,,1km,go,,chelsa
CHELSA_tcc_{perc}_1981-2010_V.2.1,{base_path}/global/bio/CHELSA_tcc_{perc}_1981-2010_V.2.1.tif,bioclim,longterm_or_static,common,,,,,,"min,max,range,mean",1km,go,,chelsa
CHELSA_vpd_{perc}_1981-2010_V.2.1,{base_path}/global/bio/CHELSA_vpd_{perc}_1981-2010_V.2.1.tif,bioclim,longterm_or_static,common,,,,,,"min,max,range,mean",1km,go,,chelsa
peatland.extent_wri.gfw.peatgrids_p_1km_s_2000_2020_go_epsg4326_v20241017,{base_path}/global/peatland/peatland.extent_wri.gfw.peatgrids_p_1km_s_2000_2020_go_epsg4326_v20241017.tif,peatland extent,longterm_or_static,common,,,,,,,1km,go,,
CHELSA_pr_01_1981-2010_V.2.1,{base_path}/global/pr/CHELSA_pr_01_1981-2010_V.2.1.tif,precipitation,longterm_or_static,common,,,,,,,1km,go,,chelsa
CHELSA_pr_02_1981-2010_V.2.1,{base_path}/global/pr/CHELSA_pr_02_1981-2010_V.2.1.tif,precipitation,longterm_or_static,common,,,,,,,1km,go,,chelsa
CHELSA_pr_03_1981-2010_V.2.1,{base_path}/global/pr/CHELSA_pr_03_1981-2010_V.2.1.tif,precipitation,longterm_or_static,common,,,,,,,1km,go,,chelsa
CHELSA_pr_04_1981-2010_V.2.1,{base_path}/global/pr/CHELSA_pr_04_1981-2010_V.2.1.tif,precipitation,longterm_or_static,common,,,,,,,1km,go,,chelsa
CHELSA_pr_05_1981-2010_V.2.1,{base_path}/global/pr/CHELSA_pr_05_1981-2010_V.2.1.tif,precipitation,longterm_or_static,common,,,,,,,1km,go,,chelsa
CHELSA_pr_06_1981-2010_V.2.1,{base_path}/global/pr/CHELSA_pr_06_1981-2010_V.2.1.tif,precipitation,longterm_or_static,common,,,,,,,1km,go,,chelsa
CHELSA_pr_07_1981-2010_V.2.1,{base_path}/global/pr/CHELSA_pr_07_1981-2010_V.2.1.tif,precipitation,longterm_or_static,common,,,,,,,1km,go,,chelsa
CHELSA_pr_08_1981-2010_V.2.1,{base_path}/global/pr/CHELSA_pr_08_1981-2010_V.2.1.tif,precipitation,longterm_or_static,common,,,,,,,1km,go,,chelsa
CHELSA_pr_09_1981-2010_V.2.1,{base_path}/global/pr/CHELSA_pr_09_1981-2010_V.2.1.tif,precipitation,longterm_or_static,common,,,,,,,1km,go,,chelsa
CHELSA_pr_10_1981-2010_V.2.1,{base_path}/global/pr/CHELSA_pr_10_1981-2010_V.2.1.tif,precipitation,longterm_or_static,common,,,,,,,1km,go,,chelsa
CHELSA_pr_11_1981-2010_V.2.1,{base_path}/global/pr/CHELSA_pr_11_1981-2010_V.2.1.tif,precipitation,longterm_or_static,common,,,,,,,1km,go,,chelsa
CHELSA_pr_12_1981-2010_V.2.1,{base_path}/global/pr/CHELSA_pr_12_1981-2010_V.2.1.tif,precipitation,longterm_or_static,common,,,,,,,1km,go,,chelsa
palsar_hh_2015_eu,{base_path}/ai4sh-landmasked/palsar/palsar_hh_2015_eu.tif,sar backscatter,longterm_or_static,common,,,,,,,25m,eu,,
palsar_hv_2015_eu,{base_path}/ai4sh-landmasked/palsar/palsar_hv_2015_eu.tif,sar backscatter,longterm_or_static,common,,,,,,,25m,eu,,
blue_glad.landsat.ard2.seasconv.m.yearly_{perc}_30m_s_{year}0101_{year}1231_eu_epsg.3035_v20231127,{base_path}/ai4sh-landmasked/blue/blue_glad.landsat.ard2.seasconv.m.yearly_{perc}_30m_s_{year}0101_{year}1231_eu_epsg.3035_v20231127.tif, ,yearly,temporal,2000,2022,,,,"p25,p50,p75",30m,eu,,
bsf_glad.landsat.ard2.seasconv.m.yearly_sum_30m_s_{year}0101_{year}1231_eu_epsg.3035_v20231127,{base_path}/ai4sh-landmasked/bsf/bsf_glad.landsat.ard2.seasconv.m.yearly_sum_30m_s_{year}0101_{year}1231_eu_epsg.3035_v20231127.tif, ,yearly,temporal,2000,2022,,,,,30m,eu,,
cropland.extent_glad.interpolate_p_30m_s_{year}0101_{year}1231_eu_epsg.3035_v20240604,{base_path}/ai4sh-landmasked/cropland/cropland.extent_glad.interpolate_p_30m_s_{year}0101_{year}1231_eu_epsg.3035_v20240604.tif,crop extent,yearly,temporal,2000,2022,,,,,30m,eu,,
green_glad.landsat.ard2.seasconv.m.yearly_{perc}_30m_s_{year}0101_{year}1231_eu_epsg.3035_v20231127,{base_path}/ai4sh-landmasked/green/green_glad.landsat.ard2.seasconv.m.yearly_{perc}_30m_s_{year}0101_{year}1231_eu_epsg.3035_v20231127.tif, ,yearly,temporal,2000,2022,,,,"p25,p50,p75",30m,eu,,
ndti.min_glad.landsat.ard2.seasconv.bimonthly.min_m_30m_s_{year}0101_{year}1231_eu_epsg.3035_v20231218,{base_path}/ai4sh-landmasked/ndti.min/ndti.min_glad.landsat.ard2.seasconv.bimonthly.min_m_30m_s_{year}0101_{year}1231_eu_epsg.3035_v20231218.tif, ,yearly,temporal,2000,2022,,,,,30m,eu,,
ndti_glad.landast.ard2.seasconv.m.yearly_{perc}_30m_s_{year}0101_{year}1231_eu_epsg.3035_v20231127,{base_path}/ai4sh-landmasked/ndti/ndti_glad.landast.ard2.seasconv.m.yearly_{perc}_30m_s_{year}0101_{year}1231_eu_epsg.3035_v20231127.tif, ,yearly,temporal,2000,2022,,,,"p25,p50,p75",30m,eu,,
ndvi_glad.landast.ard2.seasconv.m.yearly_{perc}_30m_s_{year}0101_{year}1231_eu_epsg.3035_v20231127,{base_path}/ai4sh-landmasked/ndvi/ndvi_glad.landast.ard2.seasconv.m.yearly_{perc}_30m_s_{year}0101_{year}1231_eu_epsg.3035_v20231127.tif, ,yearly,temporal,2000,2022,,,,"p25,p50,p75",30m,eu,,
ndwi.gao_glad.landsat.ard2.seasconv.m.yearly_{perc}_30m_s_{year}0101_{year}1231_eu_epsg.3035_v20231218,{base_path}/ai4sh-landmasked/ndwi.gao/ndwi.gao_glad.landsat.ard2.seasconv.m.yearly_{perc}_30m_s_{year}0101_{year}1231_eu_epsg.3035_v20231218.tif, ,yearly,temporal,2000,2022,,,,"p25,p50,p75",30m,eu,,
nir_glad.landsat.ard2.seasconv.m.yearly_{perc}_30m_s_{year}0101_{year}1231_eu_epsg.3035_v20231127,{base_path}/ai4sh-landmasked/nir/nir_glad.landsat.ard2.seasconv.m.yearly_{perc}_30m_s_{year}0101_{year}1231_eu_epsg.3035_v20231127.tif, ,yearly,temporal,2000,2022,,,,"p25,p50,p75",30m,eu,,
nos_glad.landsat.ard2.seasconv_m_30m_s_{year}0101_{year}1231_eu_epsg.3035_v20231127,{base_path}/ai4sh-landmasked/nos/nos_glad.landsat.ard2.seasconv_m_30m_s_{year}0101_{year}1231_eu_epsg.3035_v20231127.tif, ,yearly,temporal,2000,2022,,,,,30m,eu,,
red_glad.landsat.ard2.seasconv.m.yearly_{perc}_30m_s_{year}0101_{year}1231_eu_epsg.3035_v20231127,{base_path}/ai4sh-landmasked/red/red_glad.landsat.ard2.seasconv.m.yearly_{perc}_30m_s_{year}0101_{year}1231_eu_epsg.3035_v20231127.tif, ,yearly,temporal,2000,2022,,,,"p25,p50,p75",30m,eu,,
swir1_glad.landsat.ard2.seasconv.m.yearly_{perc}_30m_s_{year}0101_{year}1231_eu_epsg.3035_v20231127,{base_path}/ai4sh-landmasked/swir1/swir1_glad.landsat.ard2.seasconv.m.yearly_{perc}_30m_s_{year}0101_{year}1231_eu_epsg.3035_v20231127.tif, ,yearly,temporal,2000,2022,,,,"p25,p50,p75",30m,eu,,
swir2_glad.landsat.ard2.seasconv.m.yearly_{perc}_30m_s_{year}0101_{year}1231_eu_epsg.3035_v20231127,{base_path}/ai4sh-landmasked/swir2/swir2_glad.landsat.ard2.seasconv.m.yearly_{perc}_30m_s_{year}0101_{year}1231_eu_epsg.3035_v20231127.tif, ,yearly,temporal,2000,2022,,,,"p25,p50,p75",30m,eu,,
thermal_glad.landsat.ard2.seasconv.m.yearly_{perc}_30m_s_{year}0101_{year}1231_eu_epsg.3035_v20231127,{base_path}/ai4sh-landmasked/thermal/thermal_glad.landsat.ard2.seasconv.m.yearly_{perc}_30m_s_{year}0101_{year}1231_eu_epsg.3035_v20231127.tif, ,yearly,temporal,2000,2022,,,,"p25,p50,p75",30m,eu,,
cdr_glad.landsat.seasconv_m_30m_s_{year}0101_{year}1231_eu_epsg.3035_v20231127,{base_path}/ai4sh/cdr/cdr_glad.landsat.seasconv_m_30m_s_{year}0101_{year}1231_eu_epsg.3035_v20231127.tif, ,yearly,temporal,2000,2022,,,,,30m,eu,,
clm_accum.precipitation_chelsa.annual_m_1km_s0..0cm_{year}_v2.1,{base_path}/global/clm/clm_accum.precipitation_chelsa.annual_m_1km_s0..0cm_{year}_v2.1.tif,precipitation,yearly,temporal,1979,2018,,,,,1km,go,,chelsa
clm_lst_mod11a2.daytime_{perc}_1km_s0..0cm_{year}_v1.2,{base_path}/global/clm/clm_lst_mod11a2.daytime_{perc}_1km_s0..0cm_{year}_v1.2.tif,land surface temperature,yearly,temporal,2000,2021,,,,"p05,p50,p95",1km,go,,
clm_lst_mod11a2.nighttime_{perc}_1km_s0..0cm_{year}_v1.2,{base_path}/global/clm/clm_lst_mod11a2.nighttime_{perc}_1km_s0..0cm_{year}_v1.2.tif,land surface temperature,yearly,temporal,2000,2021,,,,"p05,p50,p95",1km,go,,
bare.soil_mcd43a4.fc_{perc}_500m_s_{year}0101_{year}1231_go_epsg.4326_v20240616,{base_path}/global/bare.soil/bare.soil_mcd43a4.fc_{perc}_500m_s_{year}0101_{year}1231_go_epsg.4326_v20240616.tif,land cover percent,yearly,temporal,2000,2023,,,,"m,mx,std",500m,go,,
non.photosynthetic.veg_mcd43a4.fc_{perc}_500m_s_{year}0101_{year}1231_go_epsg.4326_v20240616,{base_path}/global/non.photosynthetic.veg/non.photosynthetic.veg_mcd43a4.fc_{perc}_500m_s_{year}0101_{year}1231_go_epsg.4326_v20240616.tif,land cover percent,yearly,temporal,2001,2023,,,,"m,mx,std",500m,go,,
non.photosynthetic.veg_mcd43a4.fc_{perc}_gf_500m_s_{year}0101_{year}1231_go_epsg.4326_v20250116,{base_path}/global/non.photosynthetic.veg/non.photosynthetic.veg_mcd43a4.fc_{perc}_gf_500m_s_{year}0101_{year}1231_go_epsg.4326_v20250116.tif,land cover percent,yearly,temporal,2001,2023,,,,std,500m,go,,
photosynthetic.veg_mcd43a4.fc_{perc}_500m_s_{year}0101_{year}1231_go_epsg.4326_v20240616,{base_path}/global/photosynthetic.veg/photosynthetic.veg_mcd43a4.fc_{perc}_500m_s_{year}0101_{year}1231_go_epsg.4326_v20240616.tif,land cover percent,yearly,temporal,2001,2023,,,,"m,mx,std",500m,go,,
pft.bare_esa.cci.lc_pc_300m_s_{year}0101_{year}1231_go_epsg.4326_v20230616,{base_path}/global/pft.bare/pft.bare_esa.cci.lc_pc_300m_s_{year}0101_{year}1231_go_epsg.4326_v20230616.tif,plant functional type,yearly,temporal,1992,2020,,,,,300m,go,,esa cci
pft.built_esa.cci.lc_pc_300m_s_{year}0101_{year}1231_go_epsg.4326_v20230616,{base_path}/global/pft.built/pft.built_esa.cci.lc_pc_300m_s_{year}0101_{year}1231_go_epsg.4326_v20230616.tif,plant functional type,yearly,temporal,1992,2020,,,,,300m,go,,esa cci
pft.grass.man_esa.cci.lc_pc_300m_s_{year}0101_{year}1231_go_epsg.4326_v20230616,{base_path}/global/pft.grass.man/pft.grass.man_esa.cci.lc_pc_300m_s_{year}0101_{year}1231_go_epsg.4326_v20230616.tif,plant functional type,yearly,temporal,1992,2020,,,,,300m,go,,esa cci
pft.grass.nat_esa.cci.lc_pc_300m_s_{year}0101_{year}1231_go_epsg.4326_v20230616,{base_path}/global/pft.grass.nat/pft.grass.nat_esa.cci.lc_pc_300m_s_{year}0101_{year}1231_go_epsg.4326_v20230616.tif,plant functional type,yearly,temporal,1992,2020,,,,,300m,go,,esa cci
pft.shrubs.bd_esa.cci.lc_pc_300m_s_{year}0101_{year}1231_go_epsg.4326_v20230616,{base_path}/global/pft.shrubs.bd/pft.shrubs.bd_esa.cci.lc_pc_300m_s_{year}0101_{year}1231_go_epsg.4326_v20230616.tif,plant functional type,yearly,temporal,1992,2020,,,,,300m,go,,esa cci
pft.shrubs.be_esa.cci.lc_pc_300m_s_{year}0101_{year}1231_go_epsg.4326_v20230616,{base_path}/global/pft.shrubs.be/pft.shrubs.be_esa.cci.lc_pc_300m_s_{year}0101_{year}1231_go_epsg.4326_v20230616.tif,plant functional type,yearly,temporal,1992,2020,,,,,300m,go,,esa cci
pft.shrubs.nd_esa.cci.lc_pc_300m_s_{year}0101_{year}1231_go_epsg.4326_v20230616,{base_path}/global/pft.shrubs.nd/pft.shrubs.nd_esa.cci.lc_pc_300m_s_{year}0101_{year}1231_go_epsg.4326_v20230616.tif,plant functional type,yearly,temporal,1992,2020,,,,,300m,go,,esa cci
pft.shrubs.ne_esa.cci.lc_pc_300m_s_{year}0101_{year}1231_go_epsg.4326_v20230616,{base_path}/global/pft.shrubs.ne/pft.shrubs.ne_esa.cci.lc_pc_300m_s_{year}0101_{year}1231_go_epsg.4326_v20230616.tif,plant functional type,yearly,temporal,1992,2020,,,,,300m,go,,esa cci
pft.snowice_esa.cci.lc_pc_300m_s_{year}0101_{year}1231_go_epsg.4326_v20230616,{base_path}/global/pft.snowice/pft.snowice_esa.cci.lc_pc_300m_s_{year}0101_{year}1231_go_epsg.4326_v20230616.tif,plant functional type,yearly,temporal,1992,2020,,,,,300m,go,,esa cci
pft.trees.bd_esa.cci.lc_pc_300m_s_{year}0101_{year}1231_go_epsg.4326_v20230616,{base_path}/global/pft.trees.bd/pft.trees.bd_esa.cci.lc_pc_300m_s_{year}0101_{year}1231_go_epsg.4326_v20230616.tif,plant functional type,yearly,temporal,1992,2020,,,,,300m,go,,esa cci
pft.trees.be_esa.cci.lc_pc_300m_s_{year}0101_{year}1231_go_epsg.4326_v20230616,{base_path}/global/pft.trees.be/pft.trees.be_esa.cci.lc_pc_300m_s_{year}0101_{year}1231_go_epsg.4326_v20230616.tif,plant functional type,yearly,temporal,1992,2020,,,,,300m,go,,esa cci
pft.trees.nd_esa.cci.lc_pc_300m_s_{year}0101_{year}1231_go_epsg.4326_v20230616,{base_path}/global/pft.trees.nd/pft.trees.nd_esa.cci.lc_pc_300m_s_{year}0101_{year}1231_go_epsg.4326_v20230616.tif,plant functional type,yearly,temporal,1992,2020,,,,,300m,go,,esa cci
pft.trees.ne_esa.cci.lc_pc_300m_s_{year}0101_{year}1231_go_epsg.4326_v20230616,{base_path}/global/pft.trees.ne/pft.trees.ne_esa.cci.lc_pc_300m_s_{year}0101_{year}1231_go_epsg.4326_v20230616.tif,plant functional type,yearly,temporal,1992,2020,,,,,300m,go,,esa cci
pft.water.inland_esa.cci.lc_pc_300m_s_{year}0101_{year}1231_go_epsg.4326_v20230616,{base_path}/global/pft.water.inland/pft.water.inland_esa.cci.lc_pc_300m_s_{year}0101_{year}1231_go_epsg.4326_v20230616.tif,plant functional type,yearly,temporal,1992,2020,,,,,300m,go,,esa cci
pft.water_esa.cci.lc_pc_300m_s_{year}0101_{year}1231_go_epsg.4326_v20230616,{base_path}/global/pft.water/pft.water_esa.cci.lc_pc_300m_s_{year}0101_{year}1231_go_epsg.4326_v20230616.tif,plant functional type,yearly,temporal,1992,2020,,,,,300m,go,,esa cci
wv_mcd19a2v061.seasconv.m.yearly_{perc}_1km_s_{year}0101_{year}1231_go_epsg.4326_v20230619,{base_path}/global/wv/wv_mcd19a2v061.seasconv.m.yearly_{perc}_1km_s_{year}0101_{year}1231_go_epsg.4326_v20230619.tif,water vapor,yearly,temporal,2000,2022,TRUE,,,"sd,p25,p50,p75",1km,go,,
wv_mcd19a2v061.seasconv.sd.yearly_{perc}_1km_s_{year}0101_{year}1231_go_epsg.4326_v20230619,{base_path}/global/wv/wv_mcd19a2v061.seasconv.sd.yearly_{perc}_1km_s_{year}0101_{year}1231_go_epsg.4326_v20230619.tif,water vapor,yearly,temporal,2000,2022,TRUE,,,"sd,p25,p50,p75",1km,go,,